{"cameraMode":{"drawMode":0,"name":"Shaded","section":"Shading Mode"},"sceneLighting":true,"audioPlay":false,"sceneViewState":{"m_AlwaysRefresh":false,"showFog":true,"showSkybox":true,"showFlares":true,"showImageEffects":true,"showParticleSystems":true,"showVisualEffectGraphs":true,"m_FxEnabled":true},"in2DMode":false,"pivot":{"x":25.568084716796876,"y":69.5846939086914,"z":-8.756635665893555},"rotation":{"x":0.362825870513916,"y":0.0030458502005785705,"z":-0.0058702933602035049,"w":0.9323919415473938},"size":12.130783081054688,"orthographic":true}