{"cameraMode":{"drawMode":0,"name":"Shaded","section":"Shading Mode"},"sceneLighting":false,"audioPlay":false,"sceneViewState":{"m_AlwaysRefresh":false,"showFog":true,"showSkybox":false,"showFlares":true,"showImageEffects":true,"showParticleSystems":true,"showVisualEffectGraphs":true,"m_FxEnabled":true},"in2DMode":false,"pivot":{"x":-0.0010500550270080567,"y":-0.01676410436630249,"z":0.10283634066581726},"rotation":{"x":0.27166661620140078,"y":0.01802421361207962,"z":-0.0096818208694458,"w":0.9627076387405396},"size":1.0588639974594117,"orthographic":true}