{"cameraMode":{"drawMode":0,"name":"Shaded","section":"Shading Mode"},"sceneLighting":false,"audioPlay":false,"sceneViewState":{"m_AlwaysRefresh":false,"showFog":true,"showSkybox":false,"showFlares":true,"showImageEffects":true,"showParticleSystems":true,"showVisualEffectGraphs":true,"m_FxEnabled":true},"in2DMode":false,"pivot":{"x":-0.034017980098724368,"y":-0.004081100225448608,"z":0.005299568176269531},"rotation":{"x":-0.5899198055267334,"y":0.03248456120491028,"z":-0.023704703897237779,"w":-0.8065482378005981},"size":4.884868621826172,"orthographic":true}